,Public company,Type,Income,Year
0,信和置业,上半年收入,31.7亿港元,2020
1,欧陆科仪控股有限公司,上半年收入,880万美元,2019
2,东方航空,上半年收入,588.6亿元,2019
3,中国铁建,上半年收入,529.3亿元,2019
4,中国中铁,上半年收入,618.9亿元,2019
5,中远海控,上半年收入,717.6亿元,2019
6,中国交通建设,上半年收入,390.0亿元,2019
7,中远海能,上半年收入,70.6亿元,2019
8,紫金矿业,上半年收入,672.0亿元,2019
9,中国光大控股,上半年收入,55.2亿港元,2019
10,中国海洋石油,上半年收入,088.8亿元,2019
11,中国石油,上半年收入,1.196万亿元,2019
12,东风汽车集团,上半年收入,484.5亿元,2019
13,中远海运港口,上半年收入,5.179亿美元,2019
14,永辉超市,上半年收入,411.8亿元,2019
15,蒙牛乳业,上半年收入,398.6亿元,2019
16,中国国航,上半年收入,653.1亿元,2019
17,中国恒大,上半年收入,269.8亿元,2019
18,中国粮油控股,上半年收入,597.5亿港元,2019
19,北控水务集团,上半年收入,128.2亿港元,2019
20,昆仑能源,上半年收入,535.4亿元,2019
21,中国铝业,上半年收入,949.4亿元,2019
22,南方航空,上半年收入,729.4亿元,2019
23,复星国际,上半年收入,684.8亿元,2019
24,中国通信服务,上半年收入,560.5亿元,2019
25,北京汽车,上半年收入,877.6亿元,2019
26,中国机械工程,上半年收入,139.4亿元,2019
27,佳源国际控股,上半年收入,53.0亿元,2019
28,复星医药,上半年收入,140.9亿元,2019
29,中油燃气,上半年收入,51.5亿港元,2019
30,中国通号,上半年收入,205.1亿元,2019
31,康师傅控股,上半年收入,305.0亿元,2019
32,龙光地产,上半年收入,270.2亿元,2019
33,安踏体育,上半年收入,148.1亿元,2019
34,华润医药,上半年收入,019.2亿港元,2019
35,龙湖集团,上半年收入,385.7亿元,2019
36,中国太保,上半年收入,191.3亿元,2019
37,中煤能源,上半年收入,610.3亿元,2019
38,中国神华,上半年收入,163.7亿元,2019
39,绿城中国,上半年收入,186.6亿元,2019
40,中国建材,上半年收入,1121.6亿元,2019
41,深圳高速公路股份,上半年收入,27亿元,2019
42,海通国际,上半年收入,41.1亿港元,2019
43,华润燃气,上半年收入,281.7亿港元,2019
44,海丰国际,上半年收入,7.4608亿美元,2019
45,中国建筑国际,上半年收入,275.4亿港元,2019
46,中铝国际,上半年收入,135.2亿元,2019
47,维达国际,上半年收入,78.9亿港元,2019
48,恒安国际,上半年收入,107.8亿元,2019
49,中国海外发展,上半年收入,933.8亿港元,2019
50,碧桂园,上半年收入,020.1亿元,2019
51,富力地产,上半年收入,350.5亿元,2019
52,融创中国,上半年收入,768.4亿元,2019
53,比亚迪股份,上半年收入,592.1亿元,2019
54,香格里拉,上半年收入,12亿美元,2019
55,恒基地产,上半年收入,81.3亿港元,2019
56,中海油田服务,上半年收入,135.5亿元,2019
57,远洋集团,上半年收入,164.7亿元,2019
58,特步国际,上半年收入,33.6亿元,2019
59,雅居乐集团,上半年收入,271.1亿元,2019
60,吉利汽车,上半年收入,475.6亿元,2019
61,海底捞,上半年收入,116.9亿元,2019
62,万科A,上半年收入,393.2亿元,2019
63,香港中华煤气,上半年收入,203.5亿港元,2019
64,嘉里建设,上半年收入,112.2亿港元,2019
65,华润置地,上半年收入,458.5亿元,2019
66,先达国际物流,上半年收入,18亿港元,2019
67,首创置业,上半年收入,104.8亿元,2019
68,中国联通,上半年收入,449.5亿元,2019
69,银河娱乐,上半年收入,262.2亿港元,2019
70,华润水泥控股,上半年收入,174.1亿港元,2019
71,山水水泥,上半年收入,94.4亿元,2019
72,金沙中国,上半年收入,44.7亿美元,2019
73,九龙仓集团,上半年收入,80.6亿港元,2019
74,太古,上半年收入,428.7亿港元,2019
75,中国移动,上半年收入,894.3亿元,2019
76,嘉能可,上半年收入,071亿美元,2019
77,国泰航空,上半年收入,535.5亿港元,2019
78,九龙仓置业,上半年收入,85亿港元,2019
79,中电控股,上半年收入,438.4亿港元,2019
80,汇丰控股,上半年收入,293.7亿美元,2019
82,澳优预计,上半年收入,31.5亿元,2019
83,华为,上半年收入,013亿元,2019
84,英美资源集团,上半年收入,147.7亿美元,2019
87,标致,上半年收入,383亿欧元,2019
88,中国新城镇,上半年收入,700万元,2019
91,天地荟,上半年收入,1160万美元,2018
92,六福集团,上半年收入,79亿港元,2018
93,圣盈信金服集团,上半年收入,1140万美元,2018
94,招商局港口,上半年收入,55.6亿港元,2018
95,融创中国,上半年收入,465.8亿元,2018
96,富力地产,上半年收入,340.9亿元,2018
97,中国石油股份,上半年收入,1.109万亿元,2018
98,中远海能,上半年收入,50.4亿元,2018
99,ConcordMedicalServices,上半年收入,590万美元,2018
100,中国信达,上半年收入,547.7亿元,2018
101,雅居乐集团,上半年收入,242.1亿元,2018
102,中信股份,上半年收入,583.2亿港元,2018
103,江西铜业股份,上半年收入,040.3亿元,2018
104,国美零售,上半年收入,347.1亿元,2018
105,复星国际,上半年收入,435.1亿元,2018
106,中国恒大,上半年收入,003.5亿元,2018
107,中远海运港口,上半年收入,4.955亿美元,2018
108,国药控股,上半年收入,474.9亿元,2018
109,富力地产,上半年收入,340.9亿元,2018
110,中远海运国际,上半年收入,47.9亿港元,2018
111,恒基地产,上半年收入,131.4亿港元,2018
112,中国海洋石油:,上半年收入,056.5亿元,2018
113,361度,上半年收入,30.2亿元,2018
114,中国海外发展,上半年收入,886亿港元,2018
115,小米:,上半年收入,796.5亿元,2018
116,利丰,上半年收入,58.5亿美元,2018
117,瑞声科技,上半年收入,84.2亿元,2018
118,恒安国际,上半年收入,101.4亿港元,2018
119,吉利汽车,上半年收入,537.1亿元,2018
120,恒安国际,上半年收入,101.4亿元,2018
121,建业地产,上半年收入,47.7亿元,2018
122,香港中华煤气,上半年收入,192.4亿港元,2018
123,碧桂园,上半年收入,318.9亿元,2018
124,龙湖集团,上半年收入,271.2亿元,2018
125,华润燃气,上半年收入,238.5亿港元,2018
126,平安好医生,上半年收入,11.2亿元,2018
127,腾讯,上半年收入,472亿元,2018
128,中国联通:,上半年收入,491.1亿元,2018
129,万洲国际,上半年收入,111.7亿美元,2018
130,会德丰,上半年收入,175.8亿港元,2018
131,安踏体育,上半年收入,105.5亿元,2018
132,李宁,上半年收入,47.1亿元,2018
133,WeWork向软银发债融资10亿美元，今年,上半年收入,10亿美元,2018
134,港铁公司,上半年收入,263.7亿港元,2018
135,九龙仓集团,上半年收入,78.2亿港元,2018
136,九龙仓集团,上半年收入,78.2亿港元,2018
137,太古股份公司A,上半年收入,422.7亿港元,2018
138,嘉能可,上半年收入,086亿美元,2018
139,香港交易所,上半年收入,81.9亿港元,2018
140,港灯,上半年收入,54.6亿港元,2018
141,希慎兴业,上半年收入,19.1亿港元,2018
142,汇丰控股,上半年收入,273亿美元,2018
143,俄铝,上半年收入,50亿美元,2018
144,奥迪,上半年收入,311.8亿欧元,2018
145,长江和记实业,上半年收入,245.1亿港元,2018
146,长实集团,上半年收入,241.2亿港元,2018
147,理文造纸,上半年收入,163.7亿港元,2018
148,长江基建,上半年收入,194.5亿港元,2018
149,电能实业,上半年收入,7.69亿港元,2018
150,周大福,上半年收入,247.5亿港元,2017
151,普拉达,上半年收入,14.7亿欧元,2017
152,招商局港口,上半年收入,40.6亿港元,2017
153,银河娱乐,上半年收入,285.4亿港元,2017
154,中联重科,上半年收入,101.3亿元,2017
155,华电国际电力股份,上半年收入,364.2亿元,2017
156,复星国际,上半年收入,362.7亿元,2017
157,中国交通建设2017年,上半年收入,892.8亿元,2017
158,中远海能,上半年收入,49.1亿元,2017
159,中国铁建,上半年收入,2889.6亿元,2017
160,世茂房地产,上半年收入,358.2亿元,2017
161,中远海运港口,上半年收入,2.758亿美元,2017
162,北京汽车,上半年收入,667.4亿元,2017
163,比亚迪2017年,上半年收入,438.2亿元,2017
164,国美电器,上半年收入,380.7亿元,2017
165,中国恒大,上半年收入,879.8亿元,2017
166,雅居乐集团,上半年收入,223.1亿元,2017
167,东风汽车,上半年收入,576.9亿元,2017
168,兖州煤业股份,上半年收入,229.2亿元,2017
169,中国建材,上半年收入,533.6亿元,2017
170,瑞声科技,上半年收入,86.4亿元,2017
171,万科,上半年收入,675.9亿元,2017
172,中国人寿,上半年收入,961.7亿元,2017
173,中兴通讯,上半年收入,540.1亿元,2017
174,利丰,上半年收入,72.6亿美元,2017
175,中国海洋石油,上半年收入,923.6亿元,2017
176,中国石油股份,上半年收入,759.1亿元,2017
177,恒安国际,上半年收入,95.6亿元,2017
178,广汽集团,上半年收入,347.7亿元,2017
179,中煤能源,上半年收入,371.0亿元,2017
180,华润置地,上半年收入,352.6亿港元,2017
181,华润置地,上半年收入,352.6亿港元,2017
182,恒基地产:,上半年收入,127.5亿港元,2017
183,富力地产,上半年收入,204.1亿元,2017
184,中国旺旺,上半年收入,93.5亿元,2017
185,香港中华燃气,上半年收入,154.3亿港元,2017
186,华润啤酒,上半年收入,157.7亿元,2017
187,中国海外发展,上半年收入,872.0亿港元,2017
188,康师傅控股,上半年收入,285.7亿元,2017
189,紫金矿业,上半年收入,375.2亿元,2017
190,太古,上半年收入,402.1亿港元,2017
191,腾讯,上半年收入,061.6亿元,2017
192,中国联通,上半年收入,381.6亿元,2017
193,国泰航空,上半年收入,458.6亿港元,2017
194,龙湖地产,上半年收入,185.9亿元,2017
195,华润电力,上半年收入,340.9亿港元,2017
196,吉利汽车,上半年收入,394.2亿元,2017
197,港铁公司,上半年收入,300亿港元,2017
198,九龙仓集团,上半年收入,170.6亿港元,2017
199,香港交易所,上半年收入,62亿港元,2017
200,中电控股,上半年收入,433.4亿港元,2017
201,长实地产,上半年收入,298.6亿港元,2017
202,长江和记实业,上半年收入,900.5亿港元,2017
203,汇丰控股,上半年收入,262亿美元,2017
204,友邦保险,上半年收入,184.1亿美元,2017
205,华为,上半年收入,831亿元,2017
206,恒隆地产,上半年收入,63.6亿港元,2017
207,恒隆集团,上半年收入,66.4亿港元,2017
208,长江基建,上半年收入,139.8亿港元,2017
209,中兴通讯预计,下半年收入,540.1亿元,2017
210,海亮教育,上半年收入,290万美元,2017
211,新鸿基地产,上半年收入,463.4亿港元,2017
212,信和置业,上半年收入,108.6亿港元,2017
213,必和必拓,上半年收入,188.0亿美元,2017
214,领展房产基金,上半年收入,46.1亿港元,2016
215,联想集团,上半年收入,212.9亿美元,2016
216,五矿地产,上半年收入,37.9亿港元,2016
217,中联重科,上半年收入,90亿元,2016
218,中国铁建,上半年收入,667亿元,2016
219,复星国际,上半年收入,325.1亿元,2016
220,中海集运,上半年收入,83.8亿元,2016
221,中国国航,上半年收入,510.1亿元,2016
222,东方航空,上半年收入,463亿元,2016
223,华电国际电力股份,上半年收入,293.7亿元,2016
224,中国恒大,上半年收入,875亿元,2016
225,中国交通建设,上半年收入,823亿元,2016
226,融创中国,上半年收入,106亿元,2016
227,南方航空,上半年收入,541.2亿元,2016
228,周生生,上半年收入,78亿港元,2016
229,国美电器,上半年收入,353.1亿元,2016
230,康师傅控股,上半年收入,41.9亿美元,2016
231,中国神华,上半年收入,787.2亿元,2016
232,东风汽车,上半年收入,571.3亿元,2016
233,华润置地,上半年收入,445.2亿港元,2016
234,中信股份,上半年收入,839.7亿港元,2016
235,景瑞控股,上半年收入,40.1亿元,2016
236,中国人寿,上半年收入,377.4亿元,2016
237,银河娱乐,上半年收入,255.4亿港元,2016
238,恒安国际,上半年收入,95.8亿元,2016
239,中国油气控股,上半年收入,840万港元,2016
240,俄铝,上半年收入,39.0亿美元,2016
241,MI能源,上半年收入,2.294亿元,2016
242,中国石油,上半年收入,390.7亿元,2016
243,富力地产,上半年收入,223.9亿元,2016
244,中远海运港口,上半年收入,2.75亿美元,2016
245,云顶香港,上半年收入,4.358亿美元,2016
246,复星医药,上半年收入,68.8亿元,2016
247,嘉里物流,上半年收入,104.6亿港元,2016
248,中国旺旺,上半年收入,97.1亿元,2016
249,雅居乐地产,上半年收入,226亿元,2016
250,五洲国际,上半年收入,20.1亿元,2016
251,中国中车,上半年收入,923.2亿元,2016
252,香港中华煤气,上半年收入,141.6亿港元,2016
253,中国海外发展,上半年收入,781.5亿港元,2016
254,嘉里建设,上半年收入,55.4亿港元,2016
255,国药控股,上半年收入,258.9亿元,2016
256,中石化炼化工程,上半年收入,177.3亿元,2016
257,国泰君安国际,上半年收入,12.1亿港元,2016
258,海通国际,上半年收入,24.5亿港元,2016
259,越秀地产,上半年收入,50.8亿元,2016
260,华润啤酒,上半年收入,152.1亿元,2016
261,海丰国际,上半年收入,6.024亿美元,2016
262,昆仑能源,上半年收入,398.9亿港元,2016
263,远洋地产,上半年收入,93.3亿元,2016
264,中国海外宏洋集团,上半年收入,102.9亿港元,2016
265,碧桂园,上半年收入,573.6亿元,2016
266,吉利汽车,上半年收入,180.9亿元,2016
267,太古地产,上半年收入,78.9亿港元,2016
268,太古股份,上半年收入,300.8亿港元,2016
269,万达酒店发展,上半年收入,2.58亿港元,2016
270,中国联通,上半年收入,403亿元,2016
271,龙湖地产,上半年收入,183.7亿元,2016
272,SOHO中国,上半年收入,7.271亿元,2016
273,国泰航空,上半年收入,456.8亿港元,2016
274,华润燃气,上半年收入,154.1亿港元,2016
275,香港飞机工程,上半年收入,71亿港元,2016
276,利福国际,上半年收入,29.3亿港元,2016
277,中国建筑国际,上半年收入,188.5亿港元,2016
278,TCL多媒体,上半年收入,142.2亿港元,2016
279,华能新能源,上半年收入,49.1亿元,2016
280,长和,上半年收入,805.1亿港元,2016
281,宝龙地产,上半年收入,62.2亿元,2016
282,花样年控股,上半年收入,53.6亿元,2016
283,香港电讯信托,上半年收入,163.9亿港元,2016
284,香港交易所,上半年收入,56.3亿港元,2016
285,九龙仓集团,上半年收入,200.2亿港元,2016
286,万科置业海外,上半年收入,540万港元,2016
287,中国神华,上半年收入,787.2亿元,2016
288,彩星玩具料,上半年收入,5.95亿港元,2016
289,龙源电力,上半年收入,112.1亿元,2016
290,港铁公司,上半年收入,213.1亿港元,2016
291,澳博控股,上半年收入,211.3亿港元,2016
292,龙光地产,上半年收入,63.6亿元,2016
293,东方海外国际,上半年收入,25.6亿美元,2016
294,美高梅中国,上半年收入,72亿港元,2016
295,有线宽频通讯,上半年收入,7.1亿港元,2016
296,希慎兴业,上半年收入,17.6亿港元,2016
297,中电控股,上半年收入,386.7亿港元,2016
298,长江基建,上半年收入,140.6亿港元,2016
299,恒隆地产,上半年收入,63.1亿港元,2016
300,恒隆集团,上半年收入,66.1亿港元,2016
301,电能实业,上半年收入,6.290亿港元,2016
302,标致雪铁龙集团,上半年收入,277.8亿欧元,2016
303,空中客车,上半年收入,288亿欧元,2016
304,LVMH,上半年收入,172亿美元,2016
305,港灯电力投资,上半年收入,53.3亿港元,2016
306,华为,上半年收入,455亿元,2016
307,ImaxChina,上半年收入,510万美元,2016
308,维达国际,上半年收入,56.7亿港元,2016
309,恒兴黄金,上半年收入,2.91亿元,2016
310,丽新发展,上半年收入,10.8亿港元,2016
311,新创建集团,下半年收入,142.2亿港元,2016
312,新世界百货中国2015年,下半年收入,19.3亿港元,2016
313,桑德国际,上半年收入,18.5亿元,2015
314,六福集团,上半年收入,69.7亿港元,2015
315,大快活,上半年收入,11.8亿港元,2015
316,中国水务,上半年收入,16.4亿港元,2015
317,维他奶国际,上半年收入,31.2亿港元,2015
318,莎莎国际,上半年收入,37.8亿港元,2015
319,东方报业集团,上半年收入,6.037亿港元,2015
320,香港兴业国际,上半年收入,28.0亿港元,2015
321,德昌电机控股,上半年收入,10.2亿美元,2015
322,I.TLtd.,上半年收入,33.9亿港元,2015
323,美国联合美国大陆控股有限公司预期,下半年收入,2亿美元,2015
324,普拉达,上半年收入,18亿欧元,2015
325,江南集团,上半年收入,39亿元,2015
326,和谐汽车,上半年收入,50.1亿元,2015
327,鼎和矿业,上半年收入,690万港元,2015
328,建业地产,上半年收入,38.9亿元,2015
329,恒盛地产,上半年收入,3.424亿元,2015
330,中国公共采购,上半年收入,17.9亿港元,2015
331,四环医药,上半年收入,17.7亿元,2015
332,上海实业控股,上半年收入,69.8亿港元,2015
333,恒大地产,上半年收入,777.4亿元,2015
334,中升控股,上半年收入,268.9亿元,2015
335,招商局国际,上半年收入,40.8亿港元,2015
336,卓悦控股:,上半年收入,11.5亿港元,2015
337,中联重科,上半年收入,105.7亿元,2015
338,阿里影业,上半年收入,290万元,2015
339,复星国际,上半年收入,248亿元,2015
340,中国中铁,上半年收入,645.2亿元,2015
341,绿城中国,上半年收入,107.6亿元,2015
342,汉能,上半年收入,21.2亿美元,2015
343,兖州煤业,上半年收入,181.4亿元,2015
344,东方电气,上半年收入,182亿元,2015
345,中国宏桥,上半年收入,224.5亿元,2015
346,永达汽车,上半年收入,168.1亿元,2015
347,上海电气,上半年收入,362.2亿元,2015
348,五洲国际,上半年收入,21.8亿元,2015
349,北京控股,上半年收入,293.1亿港元,2015
350,龙光地产,上半年收入,51.6亿元,2015
351,中国圣牧,上半年收入,13.8亿元,2015
352,东风汽车集团,上半年收入,658.5亿元,2015
353,北京首都机场股份,上半年收入,41.6亿元,2015
354,中国铝业,上半年收入,660.9亿元,2015
355,中油燃气,上半年收入,38.6亿港元,2015
356,中国国航,上半年收入,511.2亿元,2015
357,中国新城市,上半年收入,1.984亿元,2015
358,中国石油,上半年收入,776.3亿元,2015
359,联想控股,上半年收入,421.0亿元,2015
360,深圳国际,上半年收入,29.3亿港元,2015
361,五矿建设,上半年收入,21.6亿港元,2015
362,中化化肥,上半年收入,167亿元,2015
363,禹洲地产,上半年收入,35亿元,2015
364,天津发展,上半年收入,25.6亿港元,2015
365,万达商业,上半年收入,309亿元,2015
366,比亚迪电子,上半年收入,95.6亿元,2015
367,蒙牛乳业,上半年收入,255.6亿元,2015
368,比亚迪股份,上半年收入,304.4亿元,2015
369,俄铝,上半年收入,47.5亿美元,2015
370,合景泰富,上半年收入,39.2亿元,2015
371,美联集团,上半年收入,21.6亿港元,2015
372,光谷联合,上半年收入,4.28亿元,2015
373,陈唱国际,上半年收入,71.5亿港元,2015
374,富贵鸟,上半年收入,10.2亿元,2015
375,香格里拉,上半年收入,10.2亿美元,2015
376,世茂房地产,上半年收入,291.9亿元,2015
377,中国海洋石油,上半年收入,895.9亿元,2015
378,雅居乐地产,上半年收入,173亿元,2015
379,中国粮油控股,上半年收入,392.1亿港元,2015
380,中国飞机租赁,上半年收入,6.357亿港元,2015
381,江西铜业股份,上半年收入,752.8亿元,2015
382,周生生,上半年收入,92.4亿港元,2015
383,信德集团,上半年收入,21.3亿港元,2015
384,中石化油服,上半年收入,231.2亿元,2015
385,亨得利,上半年收入,67.5亿元,2015
386,华润燃气,上半年收入,150.9亿港元,2015
387,大唐新能源,上半年收入,29.1亿元,2015
388,长实地产,上半年收入,190.5亿港元,2015
389,长和,上半年收入,172.5亿港元,2015
390,海通国际,上半年收入,41.4亿港元,2015
391,石药集团,上半年收入,57.3亿港元,2015
392,嘉华国际,上半年收入,23.6亿港元,2015
393,中国食品,上半年收入,150.8亿港元,2015
394,中国旺旺,上半年收入,18.2亿美元,2015
395,方兴地产,上半年收入,73.8亿港元,2015
396,中远太平洋,上半年收入,4.0243亿美元,2015
397,恒安国际,上半年收入,125亿港元,2015
398,中裕燃气,上半年收入,15.6亿港元,2015
399,融创中国,上半年收入,54.4亿元,2015
400,中信证券,上半年收入,393亿元,2015
401,国美电器,上半年收入,316.9亿元,2015
402,南华早报集团,上半年收入,5.493亿港元,2015
403,中信股份,上半年收入,014.6亿港元,2015
404,华润置地,上半年收入,371.4亿港元,2015
405,康师傅控股,上半年收入,48.7亿美元,2015
406,申洲国际,上半年收入,55.8亿元,2015
407,中煤能源,上半年收入,297.5亿元,2015
408,中国神华,上半年收入,877.8亿元,2015
409,国药控股,上半年收入,111亿元,2015
410,海螺创业,上半年收入,9.504亿元,2015
411,华电国际电力股份,上半年收入,303.6亿元,2015
412,中信国际电讯,上半年收入,43.5亿港元,2015
413,厦门港务,上半年收入,30.3亿元,2015
414,龙记集团,上半年收入,11.8亿港元,2015
415,百盛集团,上半年收入,22.3亿元,2015
416,中国联通,上半年收入,446.9亿元,2015
417,BrillianceChina,上半年收入,20.6亿元,2015
418,华润创业,上半年收入,946.6亿港元,2015
419,远洋地产,上半年收入,151.1亿元,2015
420,龙湖地产,上半年收入,167.9亿元,2015
421,中国电力,上半年收入,96.2亿元,2015
422,新鸿基公司,上半年收入,21.7亿港元,2015
423,恒基地产,上半年收入,110.2亿港元,2015
424,越秀地产,上半年收入,66.2亿元,2015
425,神州租车,上半年收入,14.7亿元,2015
426,利丰,上半年收入,86.3亿美元,2015
427,富力地产,上半年收入,127.2亿元,2015
428,SOHO中国,上半年收入,3.925亿元,2015
429,嘉里建设,上半年收入,42亿港元,2015
430,太古地产,上半年收入,93.9亿港元,2015
431,中国移动,上半年收入,407亿元,2015
432,太古,上半年收入,316.3亿港元,2015
433,旭辉控股,上半年收入,48.6亿元,2015
434,创科实业,上半年收入,24.7亿美元,2015
435,电视广播,上半年收入,20.3亿港元,2015
436,新奥能源,上半年收入,158.9亿元,2015
437,科通芯城,上半年收入,42.8亿元,2015
438,银河娱乐,上半年收入,253.7亿港元,2015
439,中远国际控股,上半年收入,30.3亿港元,2015
440,碧桂园,上半年收入,473.3亿元,2015
441,国泰航空,上半年收入,503.9亿港元,2015
442,吉利汽车,上半年收入,138.1亿元,2015
443,中国海外发展,上半年收入,648.5亿港元,2015
444,中国电信,上半年收入,649.5亿元,2015
445,西王特钢,上半年收入,34.4亿元,2015
446,合生元,上半年收入,*合生元,2015
447,中国软件国际,上半年收入,23.9亿元,2015
448,中国外运,上半年收入,229.2亿元,2015
449,南车时代电气,上半年收入,57.3亿元,2015
450,恒实矿业,上半年收入,4.559亿元,2015
451,中国海外宏洋集团,上半年收入,72.8亿港元,2015
452,华人置业,上半年收入,9.69亿港元,2015
453,中骏置业,上半年收入,59.9亿元,2015
454,华润电力,上半年收入,369.4亿港元,2015
455,九龙仓集团,上半年收入,179亿港元,2015
456,香港飞机工程,上半年收入,57.3亿港元,2015
457,华大地产,上半年收入,2.072亿港元,2015
458,国泰君安国际,上半年收入,12.2亿港元,2015
459,都市丽人,上半年收入,22.1亿元,2015
460,大酒店,上半年收入,26.9亿港元,2015
461,招金矿业,上半年收入,26.8亿元,2015
462,花样年控股,上半年收入,36.3亿元,2015
463,南戈壁,上半年收入,454万美元,2015
464,华地国际控股,上半年收入,22亿元,2015
465,港铁公司,上半年收入,202.1亿港元,2015
466,香港中华煤气,上半年收入,150.8亿港元,2015
467,佐丹奴国际,上半年收入,27.4亿港元,2015
468,高鑫零售,上半年收入,507.1亿元,2015
469,万科置业海外,上半年收入,450万港元,2015
470,李宁,上半年收入,36.4亿元,2015
471,港华燃气,上半年收入,39.3亿港元,2015
472,香港交易所今年,上半年收入,68.53亿港元,2015
473,中国光大国际,上半年收入,37.7亿港元,2015
474,中国奥园,上半年收入,39.4亿元,2015
475,招商局置地,上半年收入,14亿元,2015
476,利标品牌,上半年收入,12.8亿美元,2015
477,盈德气体,上半年收入,38亿元,2015
478,理文造纸,上半年收入,87亿港元,2015
479,东方海外国际,上半年收入,30.4亿美元,2015
480,信利国际,上半年收入,95.2亿港元,2015
481,联合能源集团,上半年收入,27.3亿港元,2015
482,电讯盈科,上半年收入,180.8亿港元,2015
483,廖创兴企业,上半年收入,3.534亿港元,2015
484,瑞东集团,上半年收入,1.216亿港元,2015
485,香港电讯信托,上半年收入,159.7亿港元,2015
486,希慎兴业,上半年收入,17.1亿港元,2015
487,安踏体育,上半年收入,51.1亿元,2015
488,时代地产,上半年收入,40.4亿元,2015
489,利福国际,上半年收入,30.7亿港元,2015
490,太平洋航运,上半年收入,6.346亿美元,2015
491,恒隆集团,上半年收入,48.9亿港元,2015
492,恒隆地产,上半年收入,46.1亿港元,2015
493,法国标致汽车,上半年收入,270亿欧元,2015
494,信义玻璃,上半年收入,53亿港元,2015
495,英美资源,上半年收入,133.5亿美元,2015
496,合生元预计,上半年收入,*合生元,2015
497,长江基建集团,上半年收入,28.8亿港元,2015
498,联合利华,上半年收入,269.9亿欧元,2015
499,华为,上半年收入,759亿元,2015
500,华为,上半年收入,759亿元,2015
501,港灯,上半年收入,52.3亿港元,2015
502,万达商业,上半年收入,734亿元,2015
503,香港宽频,上半年收入,11.3亿港元,2015
504,南方航空,上半年收入,502.1亿元,2014
505,中国远洋,上半年收入,299.4亿元,2014
506,瑞安房地产,上半年收入,52.4亿元,2014
507,中国电信,上半年收入,659.73亿元,2014
508,中国国航,上半年收入,491.2亿元,2014
509,恒大地产,上半年收入,633.4亿元,2014
510,中国石化,上半年收入,562亿元,2014
511,利丰,上半年收入,87.1亿美元,2014
512,SOHO中国,上半年收入,47.5亿元,2014
513,嘉能可,上半年收入,140.6亿美元,2014
514,万科,上半年收入,409.6亿元,2014
515,太古股份,上半年收入,301.1亿港元,2014
516,中国移动2014年,上半年收入,3247亿元,2014
517,东方海外国际,上半年收入,32.4亿美元,2014
518,联通2014年,上半年收入,1495.7亿元,2014
519,和记黄埔今年,上半年收入,2044.85亿港元,2014
520,长江实业今年,上半年收入,147亿港元,2014
521,华为,上半年收入,358亿元,2014
522,东方航空,上半年收入,414.8亿元,2013
523,中信证券,上半年收入,60.4亿元,2013
524,中国远洋,上半年收入,302亿元,2013
525,中海集运,上半年收入,158.6亿元,2013
526,南方航空,上半年收入,462亿元,2013
527,港铁公司,上半年收入,192.1亿港元,2013
528,海通证券,上半年收入,56.6亿元,2013
529,光大证券,上半年收入,23.9亿元,2013
530,中国石油,上半年收入,1.1万亿元,2013
531,中国海洋石油,上半年收入,390亿元,2013
532,嘉能可,上半年收入,213.9亿美元,2013
533,华润电力,上半年收入,323亿港元,2013
534,俄铝,上半年收入,52亿美元,2013
535,太古,上半年收入,237.8亿港元,2013
536,中国移动,上半年收入,031亿元,2013
537,国泰航空,上半年收入,485.8亿港元,2013
538,华晨中国,上半年收入,25.7亿元,2013
539,利丰,上半年收入,91.3亿美元,2013
540,中国联通,上半年收入,443.1亿元,2013
541,万科,上半年收入,413.9亿元,2013
542,汇丰控股,上半年收入,343.7亿美元,2013
543,长江实业,上半年收入,146.5亿港元,2013
544,和记黄埔,上半年收入,990.8亿港元,2013
545,华为2013年,上半年收入,138亿元,2013
546,中兴通讯,上半年收入,377.1亿元,2013
547,国美电器,上半年收入,231.3亿元,2012
548,中信证券,上半年收入,57.9亿元,2012
549,江西铜业,上半年收入,670.7亿元,2012
550,华晨中国,上半年收入,28.1亿元,2012
551,东风汽车,上半年收入,680.6亿元,2012
552,比亚迪,上半年收入,225.8亿元,2012
553,鞍钢股份,上半年收入,393.8亿元,2012
554,南方航空,上半年收入,480.3亿元,2012
555,宝钢股份,上半年收入,981亿元,2012
556,上海石油化工,上半年收入,464亿元,2012
557,银河娱乐,上半年收入,283.2亿港元,2012
558,俄铝,上半年收入,57.1亿美元,2012
559,中国石化,上半年收入,481亿元,2012
560,中国联通,上半年收入,1216.9亿元,2012
561,九龙仓集团,上半年收入,182.5亿港元,2012
562,恒基地产,上半年收入,71.8亿港元,2012
563,中兴通讯,上半年收入,426.4亿元,2012
564,吉利汽车,上半年收入,111.8亿元,2012
565,中国海洋石油,上半年收入,182.7亿元,2012
566,华润电力,上半年收入,309.4亿港元,2012
567,中国移动,上半年收入,665亿元,2012
568,中电控股,上半年收入,461.6亿港元,2012
569,钢铁公司,上半年收入,171.5亿港元,2012
570,太古,上半年收入,193.9亿港元,2012
571,澳博控股,上半年收入,393亿港元,2012
572,国泰航空,上半年收入,488.6亿港元,2012
573,万科企业,上半年收入,307.2亿元,2012
574,和记黄埔,上半年收入,949.9亿港元,2012
575,长江实业,上半年收入,177.2亿港元,2012
576,东方海外国际,上半年收入,31.2亿美元,2012
577,华能国际,上半年收入,671.8亿元,2012
578,恒隆地产,上半年收入,42.3亿港元,2012
579,海通证券,上半年收入,50.6亿元,2012
580,中信证券,上半年收入,58亿元,2012
581,长江基建,上半年收入,28亿港元,2012
582,新鸿基地产,上半年收入,364.2亿港元,2012
583,信和置业,上半年收入,57.6亿港元,2012
584,领汇房产基金,上半年收入,28.9亿港元,2011
585,中国森林控股,上半年收入,2.579亿元,2011
586,世茂房地产,上半年收入,122亿元,2011
587,家乐福,上半年收入,396.1亿欧元,2011
588,银河娱乐,上半年收入,136.7亿港元,2011
589,广汽集团,上半年收入,276.4亿元,2011
590,东风汽车,上半年收入,637.1亿元,2011
591,中兴通讯,上半年收入,373.4亿元,2011
592,宝钢股份,上半年收入,112亿元,2011
593,招商局国际,上半年收入,42亿港元,2011
594,东方航空,上半年收入,387.8亿元,2011
595,富士康,上半年收入,29.9亿美元,2011
596,长安汽车,上半年收入,145.4亿元,2011
597,中信银行,上半年收入,353亿元,2011
598,上港集团,上半年收入,106亿元,2011
599,信德集团,上半年收入,12.2亿港元,2011
600,第一太平,上半年收入,27.5亿美元,2011
601,国美电器,上半年收入,298.1亿元,2011
602,俄铝,上半年收入,63.2亿美元,2011
603,新奥能源,上半年收入,72亿元,2011
604,中国神华,上半年收入,007亿元,2011
605,中国铝业,上半年收入,659.7亿元,2011
606,中国远洋,上半年收入,342.3亿元,2011
607,一汽轿车,上半年收入,190.8亿元,2011
608,中国国航,上半年收入,451.3亿元,2011
609,江西铜业,上半年收入,593.2亿元,2011
610,南方航空,上半年收入,424.1亿元,2011
611,恒基地产,上半年收入,106.2亿港元,2011
612,中国石油,上半年收入,522.5亿元,2011
613,GLENCORE-S,上半年收入,921.2亿美元,2011
614,九龙仓集团,上半年收入,97.5亿港元,2011
615,会德丰,上半年收入,137.6亿港元,2011
616,华润创业,上半年收入,532.3亿港元,2011
617,中国海洋石油,上半年收入,245.7亿元,2011
618,中国联通,上半年收入,1014亿元,2011
619,嘉里建设,上半年收入,93.2亿港元,2011
620,中远太平洋,上半年收入,2.7867亿美元,2011
621,中海油田服务,上半年收入,82亿元,2011
622,中集集团,上半年收入,364.8亿元,2011
623,香港中华煤气,上半年收入,104.7亿港元,2011
624,中国电信,上半年收入,202.1亿元,2011
625,比亚迪股份,上半年收入,225.4亿元,2011
626,武汉钢铁,上半年收入,16亿元,2011
627,吉利汽车,上半年收入,105.4亿元,2011
628,华润电力,上半年收入,290.3亿港元,2011
629,兖州煤业股份,上半年收入,202.2亿元,2011
630,中信证券,上半年收入,75.1亿元,2011
631,华润置地,上半年收入,76.8亿港元,2011
632,中信泰富,上半年收入,459.4亿港元,2011
633,中国外运,上半年收入,206亿元,2011
634,华电国际,上半年收入,264亿元,2011
635,中国移动,上半年收入,500.8亿元,2011
636,瑞安房地产,上半年收入,19.4亿元,2011
637,中煤能源,上半年收入,424.4亿元,2011
638,中电控股,上半年收入,402.5亿港元,2011
639,海螺水泥,上半年收入,223.3亿元,2011
640,电讯盈科,上半年收入,121.9亿港元,2011
641,港铁公司,上半年收入,162亿港元,2011
642,利丰,上半年收入,88亿美元,2011
643,太古股份,上半年收入,170.8亿港元,2011
644,澳博控股,上半年收入,378亿港元,2011
645,中兴通讯,上半年收入,373.5亿元,2011
646,国泰航空,上半年收入,467.9亿港元,2011
647,紫金矿业,上半年收入,158.5亿元,2011
648,华能国际,上半年收入,640.5亿元,2011
649,中国海外发展,上半年收入,218.8亿港元,2011
650,万科,上半年收入,200亿元,2011
651,东方海外国际,上半年收入,29.2亿美元,2011
652,长江实业,上半年收入,261亿港元,2011
653,和记黄埔,上半年收入,873.6亿港元,2011
654,力拓,上半年收入,290.6亿美元,2011
655,太平洋航运,上半年收入,6.102亿美元,2011
656,汇丰,上半年收入,357亿美元,2011
657,电能实业,上半年收入,46.8亿港元,2011
658,东方海外国际,上半年收入,27.4亿美元,2011
659,新世界发展,上半年收入,150.8亿港元,2011
660,思捷环球,上半年收入,176.9亿港元,2011
661,恒隆集团,上半年收入,27.9亿港元,2011
662,恒隆地产,上半年收入,25.2亿港元,2011
663,中国交通建设,上半年收入,201.5亿元,2010
664,银河娱乐,上半年收入,85.7亿港元,2010
665,信德集团,上半年收入,16.8亿港元,2010
666,广汽集团,上半年收入,289亿元,2010
667,俄铝,上半年收入,53.2亿美元,2010
668,富士康,上半年收入,32.3亿美元,2010
669,中国铁建,上半年收入,1740.3亿元,2010
670,新濠国际发展,上半年收入,212万港元,2010
671,澳博控股,上半年收入,267.2亿港元,2010
672,招商局国际,上半年收入,20亿港元,2010
673,九龙仓集团,上半年收入,86.2亿港元,2010
674,会德丰,上半年收入,125.2亿港元,2010
675,中国重汽,上半年收入,222.5亿元,2010
676,中国神华,上半年收入,697.3亿元,2010
677,宝钢股份,上半年收入,979.4亿元,2010
678,中信证券,上半年收入,79.1亿元,2010
679,东风汽车,上半年收入,618.5亿元,2010
680,华润置地,上半年收入,124.1亿港元,2010
681,台湾中钢公司,上半年收入,125.1亿元,2010
682,新奥燃气,上半年收入,50.4亿元,2010
683,华电国际,上半年收入,218亿元,2010
684,冠捷科技,上半年收入,54.5亿美元,2010
685,中海油服,上半年收入,87.3亿元,2010
686,恒基地产,上半年收入,21.8亿港元,2010
687,金沙中国,上半年收入,19.8亿美元,2010
688,中国石油,上半年收入,848亿元,2010
689,中国联通,上半年收入,821.1亿元,2010
690,中华电信,上半年收入,993亿元,2010
691,华润创业,上半年收入,419.8亿港元,2010
692,中国远洋,上半年收入,381.9亿元,2010
693,中海集运,上半年收入,160.4亿元,2010
694,中国国航,上半年收入,343.1亿元,2010
695,一汽轿车,上半年收入,179.1亿元,2010
696,上海汽车,上半年收入,476.2亿元,2010
697,香格里拉（亚洲）,上半年收入,7.229亿美元,2010
698,吉利汽车,上半年收入,92.4亿元,2010
699,大酒店,上半年收入,21.8亿港元,2010
700,中国电信,上半年收入,078.2亿元,2010
701,中国外运,上半年收入,200亿元,2010
702,香港中华煤气,上半年收入,104.1亿港元,2010
703,世茂房地产,上半年收入,100.2亿元,2010
704,碧桂园,上半年收入,117.7亿港元,2010
705,中远太平洋,上半年收入,2.227亿美元,2010
706,中国铝业,上半年收入,597.8亿元,2010
707,中集集团,上半年收入,212.4亿元,2010
708,国美电器,上半年收入,248.7亿元,2010
709,华润电力,上半年收入,211.6亿港元,2010
710,中国石化,上半年收入,365亿元,2010
711,比亚迪,上半年收入,242.5亿元,2010
712,兖州煤业,上半年收入,152.2亿元,2010
713,上港集团,上半年收入,90.6亿元,2010
714,马钢股份,上半年收入,301.9亿元,2010
715,大唐发电,上半年收入,289.5亿元,2010
716,中兴通讯,上半年收入,307.3亿元,2010
717,中国海洋石油,上半年收入,831.6亿元,2010
718,中国移动,上半年收入,2298.2亿元,2010
719,中信泰富,上半年收入,318.7亿港元,2010
720,中海发展,上半年收入,55.3亿元,2010
721,北京首都机场股份,上半年收入,27.4亿元,2010
722,鞍钢股份,上半年收入,440.4亿元,2010
723,南方航空,上半年收入,339.4亿元,2010
724,海螺水泥,上半年收入,138.7亿元,2010
725,中电控股,上半年收入,276亿港元,2010
726,中煤能源,上半年收入,355.6亿元,2010
727,电讯盈科,上半年收入,118亿港元,2010
728,港铁公司,上半年收入,141亿港元,2010
729,利丰,上半年收入,517.9亿港元,2010
730,中国海外发展,上半年收入,175.5亿港元,2010
731,华能国际,上半年收入,488.5亿元,2010
732,紫金矿业,上半年收入,135亿元,2010
733,和记黄埔,上半年收入,529.3亿港元,2010
734,长江实业,上半年收入,203.2亿港元,2010
735,太古,上半年收入,128.4亿港元,2010
736,东方海外国际,上半年收入,27.3亿美元,2010
737,国泰航空,上半年收入,413.4亿港元,2010
738,香港飞机工程,上半年收入,20.5亿港元,2010
739,太平洋航运,上半年收入,6.165亿美元,2010
740,长江基建,上半年收入,18.9亿港元,2010
741,港灯集团,上半年收入,47.8亿港元,2010
742,新世界发展,上半年收入,121.2亿港元,2010
743,信和置业,上半年收入,44.2亿港元,2010
744,合和实业,上半年收入,5.385亿港元,2010
745,领汇房地产基金,上半年收入,24.4亿港元,2009
746,世茂房地产,上半年收入,49.7亿元,2009
747,汇源果汁,上半年收入,8.797亿元,2009
748,新奥燃气,上半年收入,40.2亿元,2009
749,信德集团,上半年收入,16.6亿港元,2009
750,新濠国际发展,上半年收入,4.985亿港元,2009
751,招商局国际,上半年收入,16.5亿港元,2009
752,中国交通建设去年,上半年收入,757.5亿元,2009
753,中国交通建设,上半年收入,968.4亿元,2009
754,蒙牛乳业,上半年收入,121亿元,2009
755,吉利汽车,上半年收入,59.5亿元,2009
756,中信资源,上半年收入,88亿港元,2009
757,第一太平,上半年收入,18.1亿美元,2009
758,泰山石化,上半年收入,7.697亿港元,2009
759,华润创业,上半年收入,350.5亿港元,2009
760,冠捷科技,上半年收入,31亿美元,2009
761,中国通信服务,上半年收入,138.7亿元,2009
762,上港集团,上半年收入,79亿元,2009
763,南方航空,上半年收入,249亿元,2009
764,重庆长安汽车,上半年收入,113亿元,2009
765,富士康,上半年收入,31.6亿美元,2009
766,中国神华,上半年收入,570.8亿元,2009
767,宝钢股份,上半年收入,654.8亿元,2009
768,中海油田服务,上半年收入,78.1亿元,2009
769,中国石油,上半年收入,152.8亿元,2009
770,中国联通,上半年收入,763.2亿元,2009
771,中国远洋,上半年收入,289.2亿元,2009
772,中国铁建,上半年收入,262.5亿元,2009
773,中远太平洋,上半年收入,1.59亿美元,2009
774,上海石化,上半年收入,211.8亿元,2009
775,中海集运,上半年收入,90.4亿元,2009
776,瑞安房地产,上半年收入,13.4亿元,2009
777,中华电信,上半年收入,972亿元,2009
778,香港中华煤气,上半年收入,62.6亿港元,2009
779,武钢股份,上半年收入,235.3亿元,2009
780,上海汽车,上半年收入,613亿元,2009
781,九龙仓集团,上半年收入,86.1亿港元,2009
782,会德丰,上半年收入,90.8亿港元,2009
783,中国海洋石油,上半年收入,406.5亿元,2009
784,天津港发展,上半年收入,5.711亿港元,2009
785,香港上海大酒店有限公司,上半年收入,19.6亿港元,2009
786,中信泰富,上半年收入,181亿港元,2009
787,嘉里建设,上半年收入,54亿港元,2009
788,中国外运,上半年收入,131亿元,2009
789,中国国航,上半年收入,224.1亿元,2009
790,保利地产,上半年收入,82.9亿元,2009
791,碧桂园,上半年收入,92亿元,2009
792,东风汽车,上半年收入,390.5亿元,2009
793,中国重汽,上半年收入,141.6亿元,2009
794,江西铜业,上半年收入,213.5亿元,2009
795,中国铝业,上半年收入,279.8亿元,2009
796,华润电力,上半年收入,139.9亿港元,2009
797,中国石化,上半年收入,5340亿元,2009
798,兖州煤业,上半年收入,88.6亿元,2009
799,国美电器,上半年收入,204.6亿元,2009
800,电讯盈科,上半年收入,127.7亿港元,2009
801,中国移动,上半年收入,2129.1亿元,2009
802,中海发展,上半年收入,42.2亿元,2009
803,海通证券,上半年收入,41.3亿元,2009
804,中集集团,上半年收入,94.4亿元,2009
805,海螺水泥,上半年收入,112.4亿元,2009
806,中兴通讯,上半年收入,277.1亿元,2009
807,马钢股份,上半年收入,226.9亿元,2009
808,中电控股,上半年收入,235亿港元,2009
809,鞍钢股份,上半年收入,300.4亿元,2009
810,中国海外发展,上半年收入,154.8亿港元,2009
811,北京首都机场,上半年收入,23.1亿元,2009
812,大唐发电,上半年收入,206.8亿元,2009
813,一汽轿车,上半年收入,116.3亿元,2009
814,中信证券,上半年收入,89.5亿元,2009
815,中煤能源,上半年收入,225.6亿元,2009
816,利丰,上半年收入,462.9亿港元,2009
817,恒鼎实业,上半年收入,6.359亿元,2009
818,长江实业,上半年收入,155.4亿港元,2009
819,和记黄埔,上半年收入,1410.3亿港元,2009
820,和记电讯国际,上半年收入,64.1亿港元,2009
821,香港交易所,上半年收入,33.5亿港元,2009
822,华能国际,上半年收入,306.1亿元,2009
823,浙江沪杭甬,上半年收入,27.7亿元,2009
824,华能国际,上半年收入,306.1亿元,2009
825,太平洋航运,上半年收入,4.259亿美元,2009
826,港铁公司,上半年收入,86.3亿港元,2009
827,希慎兴业,上半年收入,8.51亿港元,2009
828,中国东方航空,上半年收入,175亿元,2009
829,紫金矿业,上半年收入,93.8亿元,2009
830,东方海外国际,上半年收入,20.7亿美元,2009
831,青岛啤酒,上半年收入,91亿元,2009
832,长江基建,上半年收入,22.2亿港元,2009
833,太古,上半年收入,119.4亿港元,2009
834,港灯集团,上半年收入,47.2亿港元,2009
835,国泰航空,上半年收入,309.2亿港元,2009
836,香港飞机工程,上半年收入,21.7亿港元,2009
837,万科,上半年收入,205.5亿元,2009
838,海通证券,上半年收入,41.3亿元,2009
839,东方海外,上半年收入,18.2亿美元,2009
840,宝成工业,上半年收入,25.5亿美元,2009
841,新鸿基地产,上半年收入,151.2亿港元,2009
842,玖龙纸业,上半年收入,63.3亿元,2009
843,思捷环球,上半年收入,190.6亿港元,2009
844,中国燃气,上半年收入,16.5亿港元,2008
845,领汇房地产,上半年收入,22亿港元,2008
846,德昌电机预计,上半年收入,11.3亿美元,2008
847,北京首都机场,上半年收入,20.1亿元,2008
848,世茂房地产,上半年收入,18.4亿元,2008
849,新奥燃气,上半年收入,35.4亿元,2008
850,信德集团,上半年收入,18.1亿港元,2008
851,北京控股,上半年收入,94.7亿港元,2008
852,中国交通建设,上半年收入,757.5亿元,2008
853,中信资源,上半年收入,94.9亿港元,2008
854,华润置地,上半年收入,27.8亿港元,2008
855,香港中华煤气,上半年收入,65.4亿港元,2008
856,冠捷科技,上半年收入,49亿美元,2008
857,吉利汽车,上半年收入,210万港元,2008
858,百丽国际,上半年收入,82.3亿元,2008
859,香港上海大酒店,上半年收入,24亿港元,2008
860,天津港发展,上半年收入,6.222亿港元,2008
861,汇源果汁,上半年收入,12.9亿元,2008
862,中国通信服务,上半年收入,136.3亿元,2008
863,中国电力,上半年收入,40.4亿元,2008
864,华润创业,上半年收入,318.1亿港元,2008
865,恒鼎实业,上半年收入,11.9亿元,2008
866,骏威汽车,上半年收入,3.612亿元,2008
867,上海实业,上半年收入,62.9亿港元,2008
868,招商局国际,上半年收入,33.7亿港元,2008
869,华润电力,上半年收入,121.4亿港元,2008
870,中国神华,上半年收入,492.8亿元,2008
871,鸿海精密,上半年收入,153.8亿元,2008
872,长江电力,上半年收入,33.5亿元,2008
873,中国铝业,上半年收入,396.1亿元,2008
874,上海汽车,上半年收入,574亿元,2008
875,华电国际,上半年收入,136.9亿元,2008
876,中海油田服务,上半年收入,52.3亿元,2008
877,宝钢股份,上半年收入,1034.3亿元,2008
878,中信泰富,上半年收入,283.2亿港元,2008
879,中国电信,上半年收入,904.3亿元,2008
880,富士康,上半年收入,47.9亿美元,2008
881,上海石油化工,上半年收入,328.7亿元,2008
882,华能国际电力股份,上半年收入,44.8亿美元,2008
883,贵州茅台,上半年收入,46.2亿元,2008
884,华能国际,上半年收入,307.9亿元,2008
885,东风汽车,上半年收入,379亿元,2008
886,中海石油,上半年收入,690.6亿元,2008
887,阿里巴巴,上半年收入,14.2亿元,2008
888,会德丰,上半年收入,122.7亿港元,2008
889,九龙仓集团,上半年收入,80亿港元,2008
890,中国移动,上半年收入,1964.6亿元,2008
891,泰山石化,上半年收入,54.7亿港元,2008
892,中国远洋,上半年收入,621.6亿元,2008
893,中海集运,上半年收入,183.8亿元,2008
894,江西铜业,上半年收入,268.3亿元,2008
895,大唐发电,上半年收入,176.5亿元,2008
896,中国国航,上半年收入,257.6亿元,2008
897,中国东方航空,上半年收入,208.3亿元,2008
898,上港集团,上半年收入,91.5亿元,2008
899,中国联通,上半年收入,351.4亿元,2008
900,中远太平洋,上半年收入,1.621亿美元,2008
901,中国网通,上半年收入,411.3亿元,2008
902,建滔化工,上半年收入,123.8亿港元,2008
903,中国石化,上半年收入,347.8亿元,2008
904,兖州煤业,上半年收入,119.6亿元,2008
905,瑞安房地产,上半年收入,21.8亿元,2008
906,上海电气,上半年收入,289.6亿元,2008
907,一汽轿车,上半年收入,104.3亿元,2008
908,中国船舶,上半年收入,107亿元,2008
909,电讯盈科,上半年收入,113.7亿港元,2008
910,长江实业,上半年收入,124.4亿港元,2008
911,和记黄埔,上半年收入,762.2亿港元,2008
912,中兴通讯,上半年收入,197.3亿元,2008
913,青岛啤酒,上半年收入,77.9亿元,2008
914,和记电讯国际,上半年收入,117.6亿港元,2008
915,中国海外发展,上半年收入,107.2亿港元,2008
916,嘉里建设,上半年收入,72.3亿港元,2008
917,南方航空,上半年收入,274.5亿元,2008
918,马钢股份,上半年收入,377.2亿元,2008
919,海通证券,上半年收入,40.4亿元,2008
920,安徽海螺水泥,上半年收入,102亿元,2008
921,长江基建,上半年收入,31.8亿港元,2008
922,利丰,上半年收入,473.9亿港元,2008
923,香港交易所,上半年收入,42.1亿港元,2008
924,鞍钢股份,上半年收入,401.7亿元,2008
925,东方海外,上半年收入,32亿美元,2008
926,中外运航运,上半年收入,2.344亿美元,2008
927,紫金矿业,上半年收入,83.2亿元,2008
928,中煤能源,上半年收入,266.1亿元,2008
929,裕元集团,上半年收入,*裕元,2008
930,信和置业,上半年收入,45.7亿港元,2008
931,新世界发展,上半年收入,130.6亿港元,2008
932,新创建集团,上半年收入,93.7亿港元,2008
933,玖龙纸业,上半年收入,66.9亿元,2008
934,新鸿基地产,上半年收入,119.2亿港元,2008
935,数码通电讯,上半年收入,20.6亿港元,2008
936,合和实业,上半年收入,4.453亿港元,2008
937,阳光房地产基金,上半年收入,2.107亿港元,2008
938,恒隆地产,上半年收入,77.9亿港元,2008
939,思捷环球,上半年收入,185.3亿港元,2008
940,中国燃气,上半年收入,8.7776亿港元,2007
941,德昌电机今年,上半年收入,10.9亿美元,2007
942,会德丰,上半年收入,138.6亿港元,2007
943,领汇房地产,上半年收入,20.6亿港元,2007
944,伟易达,上半年收入,7.341亿美元,2007
945,华晨中国,上半年收入,77.4亿元,2007
946,中芯国际,上半年收入,7.631亿美元,2007
947,招商局国际,上半年收入,28.6亿港元,2007
948,新奥燃气,上半年收入,23.1亿元,2007
949,瑞安房地产,上半年收入,21.8亿元,2007
950,鹰君集团,上半年收入,19.1亿港元,2007
951,银河娱乐,上半年收入,63.3亿港元,2007
952,中煤能源,上半年收入,167.2亿元,2007
953,中国（香港）石油,上半年收入,17.3亿港元,2007
954,信德集团,上半年收入,13.7亿港元,2007
955,嘉里建设,上半年收入,58.2亿港元,2007
956,香港中华煤气,上半年收入,57.6亿港元,2007
957,新濠国际,上半年收入,4.1814亿港元,2007
958,港华燃气,上半年收入,14亿港元,2007
959,蒙牛乳业,上半年收入,100.2亿元,2007
960,富士康,上半年收入,45.9亿美元,2007
961,冠捷科技,上半年收入,38亿美元,2007
962,骏威汽车,上半年收入,3.958亿港元,2007
963,第一太平,上半年收入,14.1亿美元,2007
964,华润创业,上半年收入,351.5亿港元,2007
965,中国通信服务,上半年收入,73.7亿元,2007
966,香格里拉,上半年收入,5.5773亿美元,2007
967,泰山石化,上半年收入,77亿港元,2007
968,S仪化,上半年收入,84.8亿元,2007
969,上海实业,上半年收入,39.2亿港元,2007
970,大秦铁路,上半年收入,96.5亿元,2007
971,中国东方航空,上半年收入,196亿元,2007
972,宝钢股份,上半年收入,941.2亿元,2007
973,中海石油,上半年收入,422.2亿元,2007
974,电讯盈科,上半年收入,116.1亿港元,2007
975,中国外运,上半年收入,177.4亿元,2007
976,中海油田服务,上半年收入,42.5亿元,2007
977,江西铜业,上半年收入,173亿元,2007
978,中国国航,上半年收入,227.4亿元,2007
979,广深铁路07年,上半年收入,47.3亿元,2007
980,江铃汽车,上半年收入,40.4亿元,2007
981,建滔化工,上半年收入,90.2亿港元,2007
982,中国电信,上半年收入,886.2亿元,2007
983,万科A,上半年收入,111亿元,2007
984,大唐发电,上半年收入,154.7亿元,2007
985,京东方科技集团,上半年收入,46.9亿元,2007
986,厦门港务,上半年收入,10.5亿元,2007
987,碧桂园控股,上半年收入,60.3亿元,2007
988,中化化肥,上半年收入,143.4亿港元,2007
989,上海石化,上半年收入,268.2亿元,2007
990,中国远洋,上半年收入,268.2亿元,2007
991,上港集团,上半年收入,76.1亿元,2007
992,中海石油化学,上半年收入,23.1亿元,2007
993,首都机场,上半年收入,16.6亿元,2007
994,中国石化,上半年收入,5668.3亿元,2007
995,大连港股份,上半年收入,6.952亿元,2007
996,百盛集团,上半年收入,13亿元,2007
997,一汽夏利,上半年收入,40.2亿元,2007
998,华电国际,上半年收入,85.8亿元,2007
999,国美电气,上半年收入,211.6亿元,2007
1000,中国联通,上半年收入,491.7亿元,2007
1001,中国石油,上半年收入,927.3亿元,2007
1002,和记黄埔,上半年收入,415.2亿港元,2007
1003,长江实业,上半年收入,53.6亿港元,2007
1004,中远太平洋,上半年收入,1.473亿美元,2007
1005,青岛海尔,上半年收入,171.2亿元,2007
1006,中信泰富,上半年收入,196.2亿港元,2007
1007,中国网通,上半年收入,415.1亿元,2007
1008,创科实业,上半年收入,119.3亿港元,2007
1009,浦发银行,上半年收入,116亿元,2007
1010,E-FutureInfoTch,上半年收入,250万美元,2007
1011,鞍钢股份,上半年收入,330.4亿元,2007
1012,浙江沪杭甬,上半年收入,33.8亿元,2007
1013,TOM集团,上半年收入,13.5亿港元,2007
1014,和记电讯国际,上半年收入,96.4亿港元,2007
1015,中国铝业,上半年收入,366.1亿元,2007
1016,南方航空,上半年收入,252.1亿元,2007
1017,上海汽车,上半年收入,510.7亿元,2007
1018,康师傅控股,上半年收入,15亿美元,2007
1019,华润电力,上半年收入,66.3亿港元,2007
1020,中国兖州煤业,上半年收入,67亿元,2007
1021,中国神华,上半年收入,383.3亿元,2007
1022,兖州煤业,上半年收入,67亿元,2007
1023,宁沪高速,上半年收入,24.1亿元,2007
1024,安徽海螺水泥,上半年收入,83.6亿元,2007
1025,中集集团,上半年收入,234亿元,2007
1026,光明乳业,上半年收入,39.6亿元,2007
1027,上海电气,上半年收入,258.5亿元,2007
1028,马钢股份,上半年收入,210.3亿元,2007
1029,中国海外发展,上半年收入,47.6亿港元,2007
1030,长江基建,上半年收入,27.5亿港元,2007
1031,世茂房地产,上半年收入,24.2亿元,2007
1032,中电控股,上半年收入,246.7亿港元,2007
1033,中国移动,上半年收入,666亿元,2007
1034,紫金矿业07年,上半年收入,66.7亿元,2007
1035,联华超市07年,上半年收入,89.8亿元,2007
1036,泓富产业信托,上半年收入,1.197亿港元,2007
1037,利丰,上半年收入,377.7亿港元,2007
1038,九龙仓集团,上半年收入,86.1亿港元,2007
1039,中信证券,上半年收入,106.4亿元,2007
1040,中海发展,上半年收入,58.1亿元,2007
1041,华能国际,上半年收入,231.4亿元,2007
1042,有线宽频,上半年收入,11.8亿港元,2007
1043,太古,上半年收入,103.4亿港元,2007
1044,港灯集团,上半年收入,58.4亿港元,2007
1045,中海集运,上半年收入,173.8亿元,2007
1046,武钢股份,上半年收入,260.4亿元,2007
1047,冠君产业信托,上半年收入,3.3443亿港元,2007
1048,利福国际,上半年收入,14.1亿港元,2007
1049,国泰航空,上半年收入,346.3亿港元,2007
1050,TCL集团,上半年收入,184.3亿元,2007
1051,港机工程,上半年收入,22.3亿港元,2007
1052,地铁公司,上半年收入,48.5亿港元,2007
1053,TCL多媒体,上半年收入,95.1亿港元,2007
1054,太平洋航运,上半年收入,4.554亿美元,2007
1055,长江电力,上半年收入,34亿元,2007
1056,香港裕元集团,上半年收入,*香港裕元,2007
1057,数码通电讯,上半年收入,21亿美元,2007
1058,合和实业,上半年收入,5.751亿港元,2007
1059,香港恒隆集团,上半年收入,21.5亿港元,2007
1060,香港恒隆地产,上半年收入,19.6亿港元,2007
1061,德昌电机,上半年收入,10.5亿美元,2006
1062,香港会德丰,上半年收入,18.7亿港元,2006
1063,香港伟易达,上半年收入,7.138亿美元,2006
1064,会德丰地产,上半年收入,4.53亿港元,2006
1065,百江燃气,上半年收入,12.4亿港元,2006
1066,海尔电器,上半年收入,28亿港元,2006
1067,鹰君集团,上半年收入,18.4亿港元,2006
1068,中芯国际,上半年收入,7.126亿美元,2006
1069,新奥燃气,上半年收入,14.5亿元,2006
1070,中国远洋控股,上半年收入,184.7亿元,2006
1071,招商局国际,上半年收入,18.6亿港元,2006
1072,中国华润置地,上半年收入,10亿港元,2006
1073,嘉里建设,上半年收入,37.7亿港元,2006
1074,电讯盈科,上半年收入,18.1亿美元,2006
1075,香港上海大酒店,上半年收入,17.1亿港元,2006
1076,北京控股,上半年收入,63.6亿港元,2006
1077,天津港发展,上半年收入,4.87亿港元,2006
1078,香港信德集团,上半年收入,12.2亿港元,2006
1079,中国（香港）石油,上半年收入,19.7亿港元,2006
1080,中化香港控股,上半年收入,103.1亿港元,2006
1081,华润创业,上半年收入,315.8亿港元,2006
1082,蒙牛乳业,上半年收入,75亿元,2006
1083,香港富士康,上半年收入,44亿美元,2006
1084,香港香格里拉,上半年收入,4.7亿美元,2006
1085,中国国航,上半年收入,199亿元,2006
1086,TCL通讯,上半年收入,25亿港元,2006
1087,TCL多媒体,上半年收入,157亿港元,2006
1088,中国电信,上半年收入,869.4亿元,2006
1089,泰山石化,上半年收入,64.7亿港元,2006
1090,浙江沪杭甬,上半年收入,21.9亿元,2006
1091,东方航空,上半年收入,169.6亿元,2006
1092,中海集运,上半年收入,139.7亿元,2006
1093,东风汽车集团,上半年收入,233亿元,2006
1094,中国人寿,上半年收入,727亿元,2006
1095,青岛啤酒,上半年收入,58亿元,2006
1096,香港建滔化工,上半年收入,74.6亿港元,2006
1097,中国石化,上半年收入,4820亿元,2006
1098,华电国际电力股份,上半年收入,71.2亿元,2006
1099,中国神华,上半年收入,295.3亿元,2006
1100,G中兴去年,上半年收入,103亿元,2006
1101,G中兴,上半年收入,104.9亿元,2006
1102,中国联通,上半年收入,467.7亿元,2006
1103,香港和记黄埔,上半年收入,850.4亿港元,2006
1104,长江实业,上半年收入,59亿港元,2006
1105,佐丹奴国际,上半年收入,20亿港元,2006
1106,中国铝业,上半年收入,274亿元,2006
1107,九龙仓集团,上半年收入,64.5亿港元,2006
1108,上海实业,上半年收入,34亿港元,2006
1109,中国石油,上半年收入,3265亿元,2006
1110,G海螺,上半年收入,67.0亿元,2006
1111,G中海,上半年收入,45.9亿元,2006
1112,长城汽车,上半年收入,25.2亿元,2006
1113,G江铜,上半年收入,94.9亿元,2006
1114,创科实业,上半年收入,107.4亿港元,2006
1115,TOM集团,上半年收入,15.2亿港元,2006
1116,中国海外发展,上半年收入,45亿港元,2006
1117,华润电力今年,上半年收入,37.7亿港元,2006
1118,中信泰富,上半年收入,228.8亿港元,2006
1119,中海油田服务,上半年收入,28.6亿元,2006
1120,上海电气,上半年收入,212亿元,2006
1121,中国人民财产保险,上半年收入,369.8亿元,2006
1122,江苏宁沪高速,上半年收入,17.6亿元,2006
1123,兖州煤业,上半年收入,64.1亿元,2006
1124,国美电器,上半年收入,121.7亿元,2006
1125,和记电讯国际,上半年收入,156.7亿港元,2006
1126,中国联华超市,上半年收入,83.5亿元,2006
1127,中国平安保险,上半年收入,437亿元,2006
1128,华能国际,上半年收入,198.74亿元,2006
1129,康师傅控股,上半年收入,11.1亿美元,2006
1130,香港中电控股,上半年收入,214.1亿港元,2006
1131,中国百盛集团,上半年收入,9.425亿元,2006
1132,鞍钢新轧钢,上半年收入,250亿元,2006
1133,香港有线宽频,上半年收入,12.7亿港元,2006
1134,中国永乐电器,上半年收入,77.2亿元,2006
1135,中国物美商业,上半年收入,22.6亿元,2006
1136,香港地铁公司,上半年收入,45.7亿港元,2006
1137,香港利丰,上半年收入,280亿港元,2006
1138,香港太古,上半年收入,94.1亿港元,2006
1139,港灯集团,上半年收入,56.5亿港元,2006
1140,香港国泰航空,上半年收入,270.9亿港元,2006
1141,工银亚洲,上半年收入,29.9亿港元,2006
1142,华人置业,上半年收入,22.3亿港元,2006
1143,大唐发电,上半年收入,108.3亿元,2006
1144,港机工程,上半年收入,18.4亿港元,2006
1145,利福国际,上半年收入,11.8亿港元,2006
1146,希慎兴业,上半年收入,6.202亿港元,2006
1147,紫金矿业,上半年收入,39.5亿元,2006
1148,马鞍山钢铁,上半年收入,161.4亿元,2006
1149,和黄中国医疗科技预计今年,上半年收入,200万美元,2006
1150,香港裕元工业,上半年收入,*香港裕元,2006
1151,玖龙纸业,上半年收入,37.7亿元,2006
1152,恒基地产,上半年收入,27.3亿港元,2006
1153,香港新世界发展,上半年收入,132.5亿港元,2006
1154,香港新创建集团,上半年收入,57.5亿港元,2006
1155,恒隆集团,上半年收入,25.5亿港元,2006
1156,香港恒隆地产,上半年收入,23亿港元,2006
1157,香港越秀投资,上半年收入,15.9亿港元,2005
1158,华晨中国,上半年收入,28亿元,2005
1159,香港富士康,上半年收入,23.5亿美元,2005
1160,香港嘉里建设,上半年收入,38.5亿港元,2005
1161,香港中信资源,上半年收入,30.7亿港元,2005
1162,招商局国际,上半年收入,13.3亿港元,2005
1163,中远控股,上半年收入,185.6亿元,2005
1164,中国网通,上半年收入,337.2亿元,2005
1165,香港鹰君集团,上半年收入,15.6亿港元,2005
1166,冠捷科技,上半年收入,18.3亿美元,2005
1167,中国国航,上半年收入,169.4亿元,2005
1168,香港电视广播,上半年收入,18.5亿港元,2005
1169,香港TCL多媒体,上半年收入,156.2亿港元,2005
1170,香港中航兴业,上半年收入,12亿港元,2005
1171,香港九龙仓集团,上半年收入,61.8亿港元,2005
1172,香港TCL通讯,上半年收入,29.7亿港元,2005
1173,中国人寿,上半年收入,494.2亿元,2005
1174,中国大唐发电,上半年收入,85.9亿元,2005
1175,中国石化,上半年收入,3684.5亿元,2005
1176,中国神华,上半年收入,245.1亿元,2005
1177,南方航空,上半年收入,178.4亿元,2005
1178,安徽皖通,上半年收入,7.368亿元,2005
1179,潍柴动力,上半年收入,32.3亿元,2005
1180,中国外运,上半年收入,130.7亿元,2005
1181,香格里拉,上半年收入,3.8871亿美元,2005
1182,香格里拉,上半年收入,3.8871亿美元,2005
1183,中国联通,上半年收入,432.4亿元,2005
1184,长江实业,上半年收入,63.8亿港元,2005
1185,和记黄埔,上半年收入,1091.8亿港元,2005
1186,上海实业控股,上半年收入,27.1亿港元,2005
1187,中信泰富,上半年收入,136.4亿港元,2005
1188,安徽海螺水泥,上半年收入,45.1亿元,2005
1189,中国石油,上半年收入,525亿元,2005
1190,腾讯控股,上半年收入,6.341亿元,2005
1191,庆铃汽车股份,上半年收入,16.1亿元,2005
1192,中兴通讯,上半年收入,103亿元,2005
1193,蒙牛乳业,上半年收入,47.5亿元,2005
1194,香港TOM集团,上半年收入,14.2亿港元,2005
1195,中国宁沪高速,上半年收入,9.549亿元,2005
1196,镇海炼油,上半年收入,258.6亿元,2005
1197,中国兖州煤业,上半年收入,60.5亿元,2005
1198,中国青岛啤酒,上半年收入,44.6亿元,2005
1199,香港创科实业,上半年收入,102.2亿港元,2005
1200,香港电讯盈科,上半年收入,15亿美元,2005
1201,香港长江基建,上半年收入,11.4亿港元,2005
1202,中国电力,上半年收入,16.5亿元,2005
1203,中国长城汽车,上半年收入,16亿元,2005
1204,中国马钢股份,上半年收入,166.6亿元,2005
1205,浙江沪杭甬,上半年收入,16.8亿元,2005
1206,华润上华,上半年收入,250万美元,2005
1207,香港利丰,上半年收入,235亿港元,2005
1208,中国移动,上半年收入,145.5亿元,2005
1209,香港东方海外,上半年收入,22.5亿美元,2005
1210,香港泰山石化,上半年收入,35亿港元,2005
1211,香港和记电讯国际,上半年收入,107亿港元,2005
1212,香港地铁公司,上半年收入,43.9亿港元,2005
1213,香港创维数码,上半年收入,43.5亿港元,2005
